rank,file,t_sec,score,U,A,D,n_boxes,n_ambiguous,empty,selected
1,frame_0031.jpg,12.4,0.6865,0.598,0.625,1.0,9,5,False,True
2,frame_0078.jpg,31.2,0.6861,0.7361,0.5,0.84,8,4,False,True
3,frame_0374.jpg,149.6,0.6771,0.8242,0.75,0.2,11,6,False,True
4,frame_0290.jpg,116.0,0.673,0.6509,0.625,0.8,9,5,False,True
5,frame_0128.jpg,51.2,0.6652,0.7694,0.375,0.84,7,3,False,True
6,frame_0001.jpg,0.4,0.6637,0.5523,0.625,1.0,11,5,False,True
7,frame_0067.jpg,26.8,0.6611,0.6223,0.5,1.0,10,4,False,True
8,frame_0030.jpg,12.0,0.6506,0.6013,0.5,1.0,6,4,False,False
9,frame_0391.jpg,156.4,0.6476,0.6791,1.0,0.04,10,8,False,True
10,frame_0000.jpg,0.0,0.6443,0.5887,0.5,1.0,9,4,False,False
11,frame_0231.jpg,92.4,0.6442,0.6244,1.0,0.16,12,8,False,True
12,frame_0002.jpg,0.8,0.6419,0.5837,0.5,1.0,7,4,False,False
13,frame_0129.jpg,51.6,0.6411,0.6302,0.5,0.88,9,4,False,False
14,frame_0007.jpg,2.8,0.6384,0.6518,0.375,1.0,4,3,False,True
15,frame_0072.jpg,28.8,0.6383,0.5766,0.5,1.0,9,4,False,True
16,frame_0280.jpg,112.0,0.6378,0.6656,0.75,0.4,9,6,False,True
17,frame_0073.jpg,29.2,0.6368,0.7236,0.25,1.0,6,2,False,False
18,frame_0033.jpg,13.2,0.6314,0.4878,0.625,1.0,11,5,False,False
19,frame_0284.jpg,113.6,0.6264,0.7288,0.5,0.56,8,4,False,False
20,frame_0106.jpg,42.4,0.6157,0.8404,0.625,0.04,9,5,False,False
21,frame_0230.jpg,92.0,0.6149,0.7319,0.75,0.12,11,6,False,False
22,frame_0127.jpg,50.8,0.6083,0.5966,0.5,0.8,11,4,False,False
23,frame_0387.jpg,154.8,0.6083,0.7616,0.625,0.2,13,5,False,False
24,frame_0069.jpg,27.6,0.6064,0.5878,0.375,1.0,7,3,False,False
25,frame_0004.jpg,1.6,0.6014,0.4278,0.625,1.0,7,5,False,False
26,frame_0169.jpg,67.6,0.5957,0.7583,0.375,0.52,8,3,False,False
27,frame_0377.jpg,150.8,0.5917,0.6853,0.75,0.12,14,6,False,False
28,frame_0032.jpg,12.8,0.5897,0.5543,0.375,1.0,7,3,False,False
29,frame_0399.jpg,159.6,0.5886,0.6152,0.75,0.28,10,6,False,False
30,frame_0100.jpg,40.0,0.5865,0.7819,0.625,0.04,10,5,False,False
31,frame_0367.jpg,146.8,0.5864,0.7658,0.625,0.08,10,5,False,False
32,frame_0075.jpg,30.0,0.5856,0.4872,0.5,0.96,8,4,False,False
33,frame_0386.jpg,154.4,0.5854,0.7748,0.5,0.24,12,4,False,False
34,frame_0015.jpg,6.0,0.5852,0.5454,0.375,1.0,4,3,False,False
35,frame_0074.jpg,29.6,0.5835,0.617,0.25,1.0,6,2,False,False
36,frame_0397.jpg,158.8,0.5784,0.7018,0.625,0.2,11,5,False,False
37,frame_0318.jpg,127.2,0.5739,0.6768,0.625,0.24,8,5,False,False
38,frame_0027.jpg,10.8,0.5709,0.5168,0.375,1.0,6,3,False,False
39,frame_0068.jpg,27.2,0.5702,0.5904,0.25,1.0,9,2,False,False
40,frame_0016.jpg,6.4,0.57,0.44,0.5,1.0,6,4,False,False
41,frame_0013.jpg,5.2,0.5694,0.5887,0.25,1.0,3,2,False,False
42,frame_0008.jpg,3.2,0.5692,0.5883,0.25,1.0,3,2,False,False
43,frame_0014.jpg,5.6,0.5649,0.5047,0.375,1.0,4,3,False,False
44,frame_0279.jpg,111.6,0.5624,0.7557,0.375,0.36,8,3,False,False
45,frame_0028.jpg,11.2,0.5556,0.6362,0.125,1.0,7,1,False,False
46,frame_0120.jpg,48.0,0.5553,0.6025,0.5,0.52,8,4,False,False
47,frame_0297.jpg,118.8,0.5546,0.6443,0.375,0.6,6,3,False,False
48,frame_0126.jpg,50.4,0.5537,0.5784,0.375,0.76,9,3,False,False
49,frame_0109.jpg,43.6,0.5524,0.6228,0.75,0.08,11,6,False,False
50,frame_0378.jpg,151.2,0.552,0.697,0.625,0.08,12,5,False,False
51,frame_0186.jpg,74.4,0.5509,0.7858,0.5,0.04,10,4,False,False
52,frame_0076.jpg,30.4,0.5504,0.5829,0.25,0.92,7,2,False,False
53,frame_0170.jpg,68.0,0.5494,0.6819,0.375,0.48,6,3,False,False
54,frame_0123.jpg,49.2,0.5482,0.5403,0.5,0.64,9,4,False,False
55,frame_0077.jpg,30.8,0.5455,0.664,0.125,0.88,8,1,False,False
56,frame_0079.jpg,31.6,0.5451,0.5452,0.375,0.8,7,3,False,False
57,frame_0289.jpg,115.6,0.5431,0.4821,0.5,0.76,9,4,False,False
58,frame_0389.jpg,155.6,0.5406,0.7333,0.5,0.12,11,4,False,False
59,frame_0368.jpg,147.2,0.5331,0.8251,0.375,0.04,14,3,False,False
60,frame_0088.jpg,35.2,0.5322,0.5133,0.625,0.44,7,5,False,False
61,frame_0315.jpg,126.0,0.5291,0.7852,0.375,0.12,9,3,False,False
62,frame_0308.jpg,123.2,0.5281,0.6921,0.5,0.16,7,4,False,False
63,frame_0114.jpg,45.6,0.5267,0.6413,0.5,0.28,8,4,False,False
64,frame_0021.jpg,8.4,0.5244,0.4238,0.375,1.0,7,3,False,False
65,frame_0395.jpg,158.0,0.5233,0.5487,0.75,0.12,8,6,False,False
66,frame_0277.jpg,110.8,0.523,0.7089,0.375,0.28,10,3,False,False
67,frame_0026.jpg,10.4,0.5229,0.4958,0.25,1.0,8,2,False,False
68,frame_0131.jpg,52.4,0.5216,0.3592,0.5,0.96,6,4,False,False
69,frame_0379.jpg,151.6,0.5215,0.5771,0.75,0.04,10,6,False,False
70,frame_0188.jpg,75.2,0.5207,0.6504,0.625,0.04,13,5,False,False
71,frame_0307.jpg,122.8,0.5193,0.5837,0.625,0.2,13,5,False,False
72,frame_0333.jpg,133.2,0.5175,0.778,0.375,0.08,8,3,False,False
73,frame_0269.jpg,107.6,0.5161,0.6411,0.625,0.04,10,5,False,False
74,frame_0029.jpg,11.6,0.5153,0.4806,0.25,1.0,6,2,False,False
75,frame_0071.jpg,28.4,0.5146,0.4792,0.25,1.0,8,2,False,False
76,frame_0388.jpg,155.2,0.5142,0.6644,0.5,0.16,11,4,False,False
77,frame_0316.jpg,126.4,0.5141,0.6642,0.5,0.16,10,4,False,False
78,frame_0132.jpg,52.8,0.5137,0.4024,0.375,1.0,8,3,False,False
79,frame_0298.jpg,119.2,0.5134,0.5779,0.375,0.56,5,3,False,False
80,frame_0167.jpg,66.8,0.5121,0.4843,0.5,0.6,7,4,False,False
81,frame_0003.jpg,1.2,0.511,0.472,0.25,1.0,8,2,False,False
82,frame_0329.jpg,131.6,0.511,0.54,0.75,0.08,13,6,False,False
83,frame_0287.jpg,114.8,0.5105,0.524,0.375,0.68,6,3,False,False
84,frame_0288.jpg,115.2,0.5099,0.5068,0.375,0.72,6,3,False,False
85,frame_0396.jpg,158.4,0.5093,0.6546,0.5,0.16,9,4,False,False
86,frame_0390.jpg,156.0,0.5072,0.6075,0.625,0.08,11,5,False,False
87,frame_0330.jpg,132.0,0.5071,0.6983,0.5,0.04,14,4,False,False
88,frame_0292.jpg,116.8,0.5052,0.4655,0.375,0.8,6,3,False,False
89,frame_0176.jpg,70.4,0.502,0.533,0.625,0.24,9,5,False,False
90,frame_0022.jpg,8.8,0.5013,0.3777,0.375,1.0,5,3,False,False
91,frame_0278.jpg,111.2,0.4942,0.7104,0.25,0.32,9,2,False,False
92,frame_0283.jpg,113.2,0.4896,0.5462,0.375,0.52,8,3,False,False
93,frame_0375.jpg,150.0,0.4879,0.6707,0.375,0.2,10,3,False,False
94,frame_0319.jpg,127.6,0.4869,0.6368,0.375,0.28,10,3,False,False
95,frame_0097.jpg,38.8,0.4862,0.5654,0.625,0.08,9,5,False,False
96,frame_0020.jpg,8.0,0.485,0.42,0.25,1.0,6,2,False,False
97,frame_0398.jpg,159.2,0.4829,0.4948,0.625,0.24,12,5,False,False
98,frame_0117.jpg,46.8,0.4809,0.6518,0.25,0.4,7,2,False,False
99,frame_0275.jpg,110.0,0.4809,0.6569,0.375,0.2,10,3,False,False
100,frame_0181.jpg,72.4,0.4769,0.5629,0.625,0.04,8,5,False,False
101,frame_0193.jpg,77.2,0.4747,0.4784,0.625,0.24,6,5,False,False
102,frame_0306.jpg,122.4,0.4743,0.7777,0.125,0.24,9,1,False,False
103,frame_0006.jpg,2.4,0.4732,0.4714,0.125,1.0,8,1,False,False
104,frame_0300.jpg,120.0,0.4719,0.6018,0.25,0.48,4,2,False,False
105,frame_0070.jpg,28.0,0.4652,0.4554,0.125,1.0,9,1,False,False
106,frame_0012.jpg,4.8,0.4633,0.4517,0.125,1.0,3,1,False,False
107,frame_0293.jpg,117.2,0.463,0.4719,0.25,0.76,8,2,False,False
108,frame_0373.jpg,149.2,0.463,0.6371,0.375,0.16,10,3,False,False
109,frame_0370.jpg,148.0,0.4626,0.6841,0.375,0.04,9,3,False,False
110,frame_0321.jpg,128.4,0.4587,0.5374,0.5,0.2,8,4,False,False
111,frame_0276.jpg,110.4,0.4577,0.7445,0.125,0.24,10,1,False,False
112,frame_0291.jpg,116.4,0.4564,0.5017,0.125,0.84,6,1,False,False
113,frame_0328.jpg,131.2,0.4555,0.729,0.25,0.08,10,2,False,False
114,frame_0133.jpg,53.2,0.4552,0.3604,0.25,1.0,7,2,False,False
115,frame_0232.jpg,92.8,0.4546,0.5291,0.5,0.2,10,4,False,False
116,frame_0282.jpg,112.8,0.4546,0.4922,0.375,0.48,8,3,False,False
117,frame_0203.jpg,81.2,0.4537,0.5015,0.25,0.64,4,2,False,False
118,frame_0095.jpg,38.0,0.4531,0.5422,0.5,0.16,9,4,False,False
119,frame_0229.jpg,91.6,0.4524,0.5727,0.5,0.08,9,4,False,False
120,frame_0017.jpg,6.8,0.4519,0.3537,0.25,1.0,5,2,False,False
121,frame_0210.jpg,84.0,0.4514,0.4807,0.25,0.68,3,2,False,False
122,frame_0190.jpg,76.0,0.4511,0.7041,0.25,0.12,5,2,False,False
123,frame_0116.jpg,46.4,0.4507,0.5325,0.375,0.36,6,3,False,False
124,frame_0168.jpg,67.2,0.4499,0.4508,0.375,0.56,6,3,False,False
125,frame_0274.jpg,109.6,0.4461,0.5281,0.5,0.16,8,4,False,False
126,frame_0294.jpg,117.6,0.4443,0.4506,0.25,0.72,6,2,False,False
127,frame_0086.jpg,34.4,0.4407,0.3735,0.5,0.52,7,4,False,False
128,frame_0018.jpg,7.2,0.4405,0.406,0.125,1.0,6,1,False,False
129,frame_0184.jpg,73.6,0.4398,0.6975,0.25,0.08,7,2,False,False
130,frame_0130.jpg,52.0,0.4391,0.3601,0.25,0.92,4,2,False,False
131,frame_0121.jpg,48.4,0.4385,0.428,0.375,0.56,5,3,False,False
132,frame_0011.jpg,4.4,0.438,0.326,0.25,1.0,6,2,False,False
133,frame_0202.jpg,80.8,0.437,0.484,0.25,0.6,5,2,False,False
134,frame_0383.jpg,153.2,0.4353,0.5976,0.375,0.12,8,3,False,False
135,frame_0080.jpg,32.0,0.4301,0.4061,0.25,0.76,10,2,False,False
136,frame_0175.jpg,70.0,0.4294,0.5217,0.375,0.28,10,3,False,False
137,frame_0124.jpg,49.6,0.4282,0.4344,0.25,0.68,10,2,False,False
138,frame_0304.jpg,121.6,0.4276,0.5022,0.375,0.32,8,3,False,False
139,frame_0384.jpg,153.6,0.4261,0.4882,0.5,0.16,10,4,False,False
140,frame_0115.jpg,46.0,0.4243,0.5706,0.25,0.32,6,2,False,False
141,frame_0105.jpg,42.0,0.4239,0.5908,0.375,0.08,9,3,False,False
142,frame_0314.jpg,125.6,0.4222,0.5874,0.375,0.08,7,3,False,False
143,frame_0125.jpg,50.0,0.4196,0.4762,0.125,0.72,7,1,False,False
144,frame_0005.jpg,2.0,0.4173,0.3595,0.125,1.0,5,1,False,False
145,frame_0317.jpg,126.8,0.4164,0.5279,0.375,0.2,8,3,False,False
146,frame_0301.jpg,120.4,0.4155,0.43,0.375,0.44,8,3,False,False
147,frame_0118.jpg,47.2,0.4145,0.5029,0.25,0.44,11,2,False,False
148,frame_0113.jpg,45.2,0.4117,0.4274,0.5,0.24,9,4,False,False
149,frame_0222.jpg,88.8,0.4106,0.6663,0.125,0.2,7,1,False,False
150,frame_0216.jpg,86.4,0.4057,0.4104,0.375,0.44,6,3,False,False
151,frame_0305.jpg,122.0,0.4047,0.4725,0.375,0.28,3,3,False,False
152,frame_0178.jpg,71.2,0.4041,0.5942,0.25,0.16,7,2,False,False
153,frame_0192.jpg,76.8,0.4031,0.5011,0.375,0.2,7,3,False,False
154,frame_0025.jpg,10.0,0.4004,0.3258,0.125,1.0,6,1,False,False
155,frame_0212.jpg,84.8,0.399,0.408,0.25,0.6,6,2,False,False
156,frame_0102.jpg,40.8,0.3983,0.4487,0.5,0.12,6,4,False,False
157,frame_0010.jpg,4.0,0.3982,0.3964,0.0,1.0,2,0,False,False
158,frame_0296.jpg,118.4,0.3977,0.3893,0.25,0.64,5,2,False,False
159,frame_0197.jpg,78.8,0.3972,0.5594,0.125,0.4,1,1,False,False
160,frame_0089.jpg,35.6,0.3951,0.4802,0.25,0.4,9,2,False,False
161,frame_0393.jpg,157.2,0.3946,0.5482,0.375,0.04,8,3,False,False
162,frame_0179.jpg,71.6,0.3917,0.5104,0.375,0.12,8,3,False,False
163,frame_0023.jpg,9.2,0.3886,0.3022,0.125,1.0,4,1,False,False
164,frame_0320.jpg,128.0,0.3862,0.4514,0.375,0.24,11,3,False,False
165,frame_0376.jpg,150.4,0.3861,0.6332,0.125,0.16,9,1,False,False
166,frame_0177.jpg,70.8,0.3858,0.6165,0.125,0.2,8,1,False,False
167,frame_0381.jpg,152.4,0.3846,0.5281,0.375,0.04,6,3,False,False
168,frame_0119.jpg,47.6,0.3833,0.3497,0.375,0.48,8,3,False,False
169,frame_0299.jpg,119.6,0.3833,0.4836,0.125,0.52,7,1,False,False
170,frame_0286.jpg,114.4,0.3831,0.3601,0.25,0.64,6,2,False,False
171,frame_0085.jpg,34.0,0.383,0.3919,0.25,0.56,6,2,False,False
172,frame_0208.jpg,83.2,0.3826,0.3862,0.125,0.76,8,1,False,False
173,frame_0173.jpg,69.2,0.3806,0.4672,0.25,0.36,6,2,False,False
174,frame_0205.jpg,82.0,0.3783,0.3937,0.125,0.72,4,1,False,False
175,frame_0228.jpg,91.2,0.3778,0.6646,0.125,0.04,6,1,False,False
176,frame_0171.jpg,68.4,0.3721,0.4182,0.25,0.44,8,2,False,False
177,frame_0081.jpg,32.4,0.3681,0.2982,0.25,0.72,10,2,False,False
178,frame_0201.jpg,80.4,0.3679,0.3619,0.25,0.56,4,2,False,False
179,frame_0371.jpg,148.4,0.367,0.627,0.125,0.08,6,1,False,False
180,frame_0223.jpg,89.2,0.3629,0.5867,0.125,0.16,9,1,False,False
181,frame_0309.jpg,123.6,0.3621,0.4512,0.375,0.12,5,3,False,False
182,frame_0194.jpg,77.6,0.362,0.4621,0.25,0.28,5,2,False,False
183,frame_0310.jpg,124.0,0.3611,0.4653,0.375,0.08,7,3,False,False
184,frame_0180.jpg,72.0,0.3609,0.4648,0.375,0.08,7,3,False,False
185,frame_0091.jpg,36.4,0.3595,0.5161,0.125,0.32,3,1,False,False
186,frame_0272.jpg,108.8,0.3595,0.462,0.375,0.08,6,3,False,False
187,frame_0322.jpg,128.8,0.3585,0.4279,0.375,0.16,6,3,False,False
188,frame_0122.jpg,48.8,0.3565,0.398,0.125,0.6,6,1,False,False
189,frame_0009.jpg,3.6,0.3552,0.2353,0.125,1.0,4,1,False,False
190,frame_0094.jpg,37.6,0.3531,0.4012,0.375,0.2,7,3,False,False
191,frame_0215.jpg,86.0,0.3508,0.3596,0.25,0.48,7,2,False,False
192,frame_0332.jpg,132.8,0.35,0.5339,0.25,0.04,8,2,False,False
193,frame_0233.jpg,93.2,0.348,0.45,0.25,0.24,12,2,False,False
194,frame_0019.jpg,7.6,0.3469,0.2189,0.125,1.0,5,1,False,False
195,frame_0204.jpg,81.6,0.344,0.266,0.25,0.68,5,2,False,False
196,frame_0281.jpg,112.4,0.3419,0.3577,0.25,0.44,6,2,False,False
197,frame_0218.jpg,87.2,0.3418,0.3896,0.25,0.36,5,2,False,False
198,frame_0110.jpg,44.0,0.3387,0.4044,0.375,0.12,9,3,False,False
199,frame_0214.jpg,85.6,0.3378,0.3177,0.25,0.52,5,2,False,False
200,frame_0083.jpg,33.2,0.3365,0.267,0.25,0.64,5,2,False,False
201,frame_0302.jpg,120.8,0.3345,0.359,0.25,0.4,7,2,False,False
202,frame_0024.jpg,9.6,0.3334,0.2667,0.0,1.0,6,0,False,False
203,frame_0101.jpg,40.4,0.3332,0.4845,0.25,0.08,7,2,False,False
204,frame_0084.jpg,33.6,0.3331,0.3512,0.125,0.6,6,1,False,False
205,frame_0199.jpg,79.6,0.3328,0.3986,0.125,0.48,3,1,False,False
206,frame_0189.jpg,75.6,0.3294,0.4767,0.25,0.08,6,2,False,False
207,frame_0385.jpg,154.0,0.3268,0.4236,0.25,0.2,6,2,False,False
208,frame_0285.jpg,114.0,0.3227,0.4054,0.0,0.6,4,0,False,False
209,frame_0082.jpg,32.8,0.3224,0.2978,0.125,0.68,8,1,False,False
210,frame_0087.jpg,34.8,0.3209,0.2998,0.25,0.48,7,2,False,False
211,frame_0327.jpg,130.8,0.3209,0.5508,0.125,0.04,9,1,False,False
212,frame_0206.jpg,82.4,0.3208,0.3376,0.0,0.76,4,0,False,False
213,frame_0183.jpg,73.2,0.3191,0.4721,0.25,0.04,5,2,False,False
214,frame_0090.jpg,36.0,0.3183,0.3426,0.25,0.36,6,2,False,False
215,frame_0103.jpg,41.2,0.3178,0.3466,0.375,0.16,6,3,False,False
216,frame_0220.jpg,88.0,0.3171,0.4472,0.125,0.28,4,1,False,False
217,frame_0104.jpg,41.6,0.316,0.359,0.375,0.12,7,3,False,False
218,frame_0195.jpg,78.0,0.313,0.4231,0.125,0.32,5,1,False,False
219,frame_0211.jpg,84.4,0.3129,0.2947,0.125,0.64,4,1,False,False
220,frame_0096.jpg,38.4,0.3128,0.4275,0.25,0.12,9,2,False,False
221,frame_0295.jpg,118.0,0.3102,0.2734,0.125,0.68,6,1,False,False
222,frame_0174.jpg,69.6,0.3099,0.4167,0.125,0.32,7,1,False,False
223,frame_0219.jpg,87.6,0.3036,0.3293,0.25,0.32,6,2,False,False
224,frame_0325.jpg,130.0,0.3027,0.4393,0.25,0.04,9,2,False,False
225,frame_0225.jpg,90.0,0.2981,0.4892,0.125,0.08,9,1,False,False
226,frame_0271.jpg,108.4,0.2927,0.4194,0.25,0.04,5,2,False,False
227,frame_0372.jpg,148.8,0.2882,0.4534,0.125,0.12,11,1,False,False
228,frame_0221.jpg,88.4,0.2799,0.3138,0.25,0.24,4,2,False,False
229,frame_0394.jpg,157.6,0.2796,0.3771,0.25,0.08,9,2,False,False
230,frame_0267.jpg,106.8,0.2787,0.3593,0.25,0.12,6,2,False,False
231,frame_0224.jpg,89.6,0.2669,0.4107,0.125,0.12,10,1,False,False
232,frame_0112.jpg,44.8,0.2666,0.3782,0.125,0.2,8,1,False,False
233,frame_0111.jpg,44.4,0.2652,0.3914,0.125,0.16,7,1,False,False
234,frame_0382.jpg,152.8,0.265,0.423,0.125,0.08,5,1,False,False
235,frame_0108.jpg,43.2,0.2647,0.3634,0.25,0.04,11,2,False,False
236,frame_0273.jpg,109.2,0.2647,0.3314,0.25,0.12,8,2,False,False
237,frame_0268.jpg,107.2,0.2636,0.4202,0.125,0.08,6,1,False,False
238,frame_0209.jpg,83.6,0.2574,0.2268,0.0,0.72,5,0,False,False
239,frame_0200.jpg,80.0,0.2557,0.2283,0.125,0.52,3,1,False,False
240,frame_0207.jpg,82.8,0.2517,0.1833,0.0,0.8,3,0,False,False
241,frame_0213.jpg,85.2,0.2514,0.2787,0.0,0.56,4,0,False,False
242,frame_0323.jpg,129.2,0.2498,0.3016,0.25,0.12,7,2,False,False
243,frame_0226.jpg,90.4,0.2454,0.3997,0.125,0.04,4,1,False,False
244,frame_0217.jpg,86.8,0.2449,0.2547,0.125,0.4,5,1,False,False
245,frame_0303.jpg,121.2,0.2414,0.2638,0.125,0.36,9,1,False,False
246,frame_0313.jpg,125.2,0.2366,0.3823,0.125,0.04,3,1,False,False
247,frame_0185.jpg,74.0,0.2332,0.3594,0.125,0.08,9,1,False,False
248,frame_0172.jpg,68.8,0.2318,0.3036,0.0,0.4,5,0,False,False
249,frame_0198.jpg,79.2,0.229,0.282,0.0,0.44,3,0,False,False
250,frame_0196.jpg,78.4,0.2028,0.2617,0.0,0.36,3,0,False,False
251,frame_0098.jpg,39.2,0.2007,0.3104,0.125,0.04,5,1,False,False
252,frame_0093.jpg,37.2,0.1937,0.2165,0.125,0.24,5,1,False,False
253,frame_0092.jpg,36.8,0.1896,0.1923,0.125,0.28,6,1,False,False
254,frame_0191.jpg,76.4,0.1883,0.2376,0.125,0.16,5,1,False,False
255,frame_0324.jpg,129.6,0.1846,0.3373,0.0,0.08,8,0,False,False
256,frame_0311.jpg,124.4,0.1828,0.2746,0.125,0.04,6,1,False,False
